date,open,high,close,low,volume,price_change,p_change,ma5,ma10,ma20,v_ma5,v_ma10,v_ma20,turnover
2021-10-15,15.38,15.53,15.39,15.32,37514.89,0.02,0.13,15.304,15.184,15.276,38687.97,35609.28,42411.28,0.26
2021-10-14,15.46,15.46,15.37,15.23,37009.49,0.01,0.07,15.25,15.174,15.296,36865.46,35406.01,42924.3,0.25
2021-10-13,15.13,15.48,15.36,15.12,43195.69,0.22,1.45,15.186,15.187,15.318,35007.06,38023.78,43639.09,0.3
2021-10-12,15.28,15.34,15.14,15.08,42036.8,-0.12,-0.79,15.114,15.171,15.346,33512.85,38633.25,45142.14,0.29
2021-10-11,15.13,15.34,15.26,15.13,33682.97,0.14,0.93,15.1,15.164,15.385,31217.0,38353.66,47653.8,0.23
2021-10-08,15.11,15.28,15.12,15.1,28402.33,0.07,0.47,15.064,15.135,15.404,32530.59,39866.26,48696.08,0.19
2021-09-30,15.0,15.16,15.05,14.99,27717.51,0.05,0.33,15.098,15.14,15.428,33946.56,42040.33,51042.91,0.19
2021-09-29,15.04,15.09,15.0,14.91,35724.65,-0.07,-0.46,15.188,15.165,15.446,41040.5,46333.37,52774.38,0.25
2021-09-28,15.1,15.21,15.07,14.95,30557.54,-0.01,-0.07,15.228,15.224,15.453,43753.64,46969.33,52842.55,0.21
2021-09-27,15.39,15.45,15.08,15.01,40250.92,-0.21,-1.37,15.228,15.291,15.459,45490.32,48692.82,53387.07,0.28
2021-09-24,15.47,15.47,15.29,15.25,35482.2,-0.21,-1.35,15.206,15.367,15.47,47201.94,49213.27,53101.25,0.24
2021-09-23,15.38,15.72,15.5,15.22,63187.19,0.3,1.97,15.182,15.417,15.479,50134.09,50442.59,52815.76,0.43
2021-09-22,14.88,15.36,15.2,14.83,49290.37,0.13,0.86,15.142,15.449,15.477,51626.24,49254.4,51448.11,0.34
2021-09-17,14.97,15.2,15.07,14.89,39240.9,0.1,0.67,15.22,15.52,15.487,50185.01,51651.02,50591.39,0.27
2021-09-16,15.17,15.27,14.97,14.97,48809.03,-0.2,-1.32,15.354,15.605,15.497,51895.31,56953.94,50797.93,0.33
2021-09-15,15.29,15.38,15.17,15.08,50142.96,-0.13,-0.85,15.528,15.673,15.522,51224.61,57525.9,50038.09,0.34
2021-09-14,15.59,15.68,15.3,15.25,70647.93,-0.29,-1.86,15.652,15.715,15.535,50751.08,60045.5,49222.68,0.48
2021-09-13,15.75,15.8,15.59,15.55,42084.25,-0.15,-0.95,15.756,15.726,15.535,46882.57,59215.39,48534.9,0.29
2021-09-10,15.84,15.92,15.74,15.72,47792.4,-0.1,-0.63,15.82,15.681,15.545,53117.03,58715.76,48779.49,0.33
2021-09-09,15.84,15.89,15.84,15.74,45455.5,0.05,0.32,15.856,15.626,15.55,62012.57,58081.33,50360.69,0.31
2021-09-08,15.83,15.94,15.79,15.76,47775.34,-0.03,-0.19,15.818,15.572,15.543,63827.19,56989.22,50323.9,0.33
2021-09-07,15.9,15.92,15.82,15.7,51305.34,-0.09,-0.57,15.778,15.541,15.538,69339.92,55188.93,50792.07,0.35
2021-09-06,15.8,16.05,15.91,15.74,73256.59,-0.01,-0.06,15.696,15.504,15.535,71548.21,53641.83,53454.11,0.5
2021-09-03,15.81,16.08,15.92,15.7,92270.1,0.27,1.73,15.542,15.454,15.5,64314.49,49531.75,52155.43,0.63
2021-09-02,15.6,15.71,15.65,15.5,54528.58,0.06,0.39,15.396,15.388,15.452,54150.08,44641.91,49581.9,0.37
2021-09-01,15.43,15.71,15.59,15.35,75338.98,0.18,1.17,15.326,15.371,15.424,50151.25,42550.29,49492.19,0.52
2021-08-31,15.14,15.48,15.41,15.1,62346.82,0.27,1.78,15.304,15.354,15.403,41037.95,38399.85,47979.02,0.43
2021-08-30,15.2,15.27,15.14,15.08,37087.96,-0.05,-0.33,15.312,15.344,15.391,35735.44,37854.41,47325.75,0.25
2021-08-27,15.31,15.45,15.19,15.07,41448.06,-0.11,-0.72,15.366,15.408,15.396,34749.02,38843.22,49233.05,0.28
2021-08-26,15.48,15.54,15.3,15.3,34534.42,-0.18,-1.16,15.38,15.474,15.391,35133.74,42640.06,49521.68,0.24
2021-08-25,15.45,15.58,15.48,15.39,29772.47,0.03,0.19,15.416,15.513,15.383,34949.33,43658.59,50382.53,0.2
2021-08-24,15.48,15.6,15.45,15.41,35834.27,0.04,0.26,15.404,15.534,15.358,35761.75,46395.21,52870.19,0.25
2021-08-23,15.25,15.46,15.41,15.25,32155.88,0.15,0.98,15.376,15.566,15.356,39973.38,53266.4,56337.47,0.22
2021-08-20,15.43,15.55,15.26,15.11,43371.68,-0.22,-1.42,15.45,15.545,15.381,42937.43,54779.11,60235.84,0.3
2021-08-19,15.53,15.66,15.48,15.4,33612.33,0.06,0.39,15.568,15.515,15.444,50146.38,54521.9,64438.75,0.23
2021-08-18,15.48,15.48,15.42,15.2,33834.61,0.11,0.72,15.61,15.477,15.518,52367.84,56434.09,67675.92,0.23
2021-08-17,15.72,15.82,15.31,15.31,56892.38,-0.47,-2.98,15.664,15.452,15.602,57028.67,57558.19,70716.05,0.39
2021-08-16,15.7,15.97,15.78,15.68,46976.13,-0.07,-0.44,15.756,15.437,15.701,66559.42,56797.1,74184.09,0.32
2021-08-13,15.98,16.08,15.85,15.69,79416.44,0.16,1.02,15.64,15.383,15.773,66620.79,59622.87,81932.22,0.54
2021-08-12,16.0,16.0,15.69,15.6,44719.66,0.0,0.0,15.462,15.307,15.894,58897.41,56403.31,103047.14,0.31
2021-08-11,15.62,15.83,15.69,15.55,57138.72,-0.08,-0.51,15.344,15.252,16.091,60500.33,57106.47,110662.48,0.39
2021-08-10,15.23,16.58,15.77,15.1,104546.14,0.57,3.75,15.24,15.182,16.262,58087.71,59345.18,114918.56,0.72
2021-08-09,14.96,15.21,15.2,14.85,47282.98,0.24,1.6,15.118,15.146,16.442,47034.79,59408.54,122914.47,0.32
2021-08-06,15.11,15.12,14.96,14.9,40799.56,-0.14,-0.93,15.126,15.216,16.606,52624.95,65692.58,125378.51,0.28
2021-08-05,15.13,15.34,15.1,15.03,52734.25,-0.07,-0.46,15.152,15.372,16.796,53909.2,74355.6,128007.21,0.36
2021-08-04,15.22,15.28,15.17,15.1,45075.6,0.01,0.07,15.16,15.558,16.97,53712.62,78917.75,129653.1,0.31
2021-08-03,15.27,15.28,15.16,15.12,49281.55,-0.08,-0.53,15.124,15.752,17.139,60602.65,83873.92,131583.5,0.34
2021-08-02,14.96,15.35,15.24,14.8,75233.81,0.15,0.99,15.174,15.964,17.315,71782.29,91571.07,134577.42,0.52
2021-07-30,15.14,15.21,15.09,14.9,47220.78,-0.05,-0.33,15.306,16.163,17.493,78760.21,104241.56,139704.15,0.32
2021-07-29,15.1,15.29,15.14,15.03,51751.34,0.15,1.0,15.592,16.48,17.657,94801.99,149690.97,142774.14,0.36
2021-07-28,15.4,15.4,14.99,14.86,79525.76,-0.42,-2.73,15.956,16.93,17.838,104122.87,164218.48,150768.4,0.55
2021-07-27,15.91,16.08,15.41,15.31,105179.74,-0.49,-3.08,16.38,17.342,17.984,107145.2,170491.94,149771.96,0.72
2021-07-26,16.6,16.61,15.9,15.69,110123.43,-0.62,-3.75,16.754,17.738,18.109,111359.85,186420.41,148953.16,0.76
2021-07-23,16.96,17.0,16.52,16.39,127429.69,-0.44,-2.59,17.02,17.995,18.216,129722.92,185064.44,147761.81,0.87
2021-07-22,17.11,17.24,16.96,16.96,98355.75,-0.15,-0.88,17.368,18.219,18.304,204579.96,181658.82,146156.17,0.67
2021-07-21,17.11,17.41,17.11,17.04,94637.38,-0.17,-0.98,17.904,18.382,18.354,224314.09,180388.46,145048.73,0.65
2021-07-20,17.16,17.88,17.28,16.94,126253.0,0.05,0.29,18.304,18.526,18.406,233838.69,179293.08,145792.08,0.87
2021-07-19,17.62,17.67,17.23,17.07,201938.77,-1.03,-5.64,18.722,18.665,18.463,261480.97,177583.77,142163.6,1.39
2021-07-16,20.0,20.34,18.26,18.0,501714.88,-1.38,-7.03,18.97,18.823,18.715,240405.96,175166.74,135664.89,3.44
2021-07-15,19.26,20.01,19.64,19.26,197026.44,0.53,2.77,19.07,18.833,18.886,158737.68,135857.31,113805.16,1.35
2021-07-14,19.39,19.49,19.11,18.8,142260.34,-0.26,-1.34,18.86,18.746,18.99,136462.82,137318.31,106593.26,0.98
2021-07-13,18.41,19.69,19.37,18.41,264464.44,0.9,4.87,18.748,18.625,19.129,124747.47,129051.98,102952.94,1.81
2021-07-12,18.79,18.84,18.47,18.4,96563.72,-0.29,-1.55,18.608,18.479,19.246,93686.57,111485.92,95431.03,0.66
2021-07-09,18.52,18.95,18.76,18.42,93373.44,0.17,0.91,18.676,18.437,19.413,109927.52,110459.17,98175.35,0.64
2021-07-08,18.56,18.75,18.59,18.23,85652.18,0.04,0.22,18.596,18.389,19.605,112976.95,110653.52,103839.03,0.59
2021-07-07,18.5,18.78,18.55,18.33,83683.57,-0.12,-0.64,18.632,18.326,19.79,138173.8,109709.01,112203.24,0.57
2021-07-06,18.91,19.0,18.67,18.4,109159.94,-0.14,-0.74,18.502,18.286,20.014,133356.49,112291.08,128492.05,0.75
2021-07-05,18.1,19.08,18.81,17.3,177768.45,0.45,2.45,18.35,18.261,20.141,129285.26,106743.42,131103.77,1.22
2021-07-02,18.46,18.65,18.36,18.1,108620.61,-0.41,-2.18,18.198,18.606,20.301,110990.83,96163.04,140977.84,0.75
2021-07-01,17.91,19.03,18.77,17.73,211636.44,0.87,4.86,18.182,18.939,20.572,108330.09,91753.0,152220.42,1.45
2021-06-30,17.88,18.07,17.9,17.7,59597.0,-0.01,-0.06,18.02,19.234,20.715,81244.21,75868.2,144651.1,0.41
2021-06-29,17.96,18.3,17.91,17.78,88803.81,-0.14,-0.78,18.07,19.633,20.899,91225.67,76853.9,143441.38,0.61
2021-06-28,18.22,18.28,18.05,17.92,86296.29,-0.23,-1.26,18.172,20.013,21.088,84201.57,79376.15,141855.45,0.59
2021-06-25,17.96,18.54,18.28,17.81,95316.89,0.32,1.78,19.014,20.389,21.252,81335.25,85891.53,141098.07,0.65
2021-06-24,18.25,18.25,17.96,17.73,76207.07,-0.19,-1.05,19.696,20.82,21.427,75175.92,97024.54,140434.06,0.52
2021-06-23,18.45,18.71,18.15,18.06,109504.31,-0.27,-1.47,20.448,21.254,21.626,70492.19,114697.48,143788.6,0.75
2021-06-22,18.5,18.55,18.42,18.2,53683.31,0.12,0.66,21.196,21.741,21.783,62482.13,144693.01,140484.64,0.37
2021-06-21,21.78,22.53,22.26,21.45,71964.68,0.57,2.63,21.854,22.021,21.927,74550.73,155464.12,139806.81,0.59
2021-06-18,21.59,21.98,21.69,21.42,64520.24,-0.03,-0.14,21.764,21.996,21.872,90447.81,185792.64,138804.42,0.53
2021-06-17,21.89,22.05,21.72,21.51,52788.39,-0.17,-0.78,21.944,22.205,21.861,118873.15,212687.83,139687.92,0.43
2021-06-16,21.62,22.29,21.89,21.61,69454.02,0.18,0.83,22.06,22.195,21.835,158902.77,213434.0,140633.65,0.57
2021-06-15,21.76,22.25,21.71,21.2,114026.33,-0.1,-0.46,22.286,22.164,21.828,226903.9,210028.87,140495.99,0.94
2021-06-11,22.6,23.05,21.81,21.8,151450.05,-0.78,-3.45,22.188,22.162,21.845,236377.51,204334.74,139640.37,1.25
2021-06-10,22.27,23.67,22.59,22.1,206646.98,0.29,1.3,22.228,22.114,21.862,281137.48,196304.61,137849.17,1.7
2021-06-09,23.02,23.02,22.3,22.0,252936.47,-0.72,-3.13,22.466,22.033,21.861,306502.51,183843.59,137596.66,2.08
2021-06-08,21.85,23.34,23.02,21.38,409459.66,1.8,8.48,22.33,21.997,21.84,267965.23,172879.72,136126.47,3.37
2021-06-07,21.89,21.89,21.22,20.89,161394.41,-0.79,-3.59,22.042,21.825,21.746,193153.83,136276.26,126902.6,1.33
2021-06-04,22.96,23.44,22.01,22.01,375249.88,-1.77,-7.44,22.136,21.832,21.646,172291.96,124149.49,120455.26,3.09
2021-06-03,21.88,23.78,23.78,21.68,333472.12,2.16,9.99,22.0,21.747,21.49,111471.74,91816.2,105829.01,2.75
2021-06-02,21.89,21.89,21.62,21.5,60250.09,0.04,0.18,21.6,21.516,21.319,61184.67,66688.0,91673.95,0.5
2021-06-01,21.6,21.81,21.58,21.39,35402.67,-0.11,-0.51,21.664,21.474,21.267,77794.2,67833.29,92045.37,0.29
2021-05-31,21.56,21.93,21.69,21.33,57085.04,0.36,1.69,21.608,21.491,21.221,79398.69,70963.12,92545.11,0.47
2021-05-28,21.81,21.97,21.33,21.19,71148.79,-0.45,-2.07,21.528,21.527,21.145,76007.02,74945.99,91146.0,0.59
2021-05-27,21.78,22.24,21.78,21.58,82036.76,-0.16,-0.73,21.494,21.609,21.078,72160.66,79393.74,89856.62,0.68
2021-05-26,21.53,22.66,21.94,21.31,143297.73,0.64,3.0,21.432,21.688,20.997,72191.33,91349.73,88156.65,1.18
2021-05-25,21.47,21.53,21.3,21.2,43425.12,0.01,0.05,21.284,21.682,20.918,57872.38,99373.23,83853.04,0.36
2021-05-24,21.16,21.43,21.29,21.06,40126.69,0.13,0.61,21.374,21.666,20.861,62527.55,117528.95,85375.36,0.33
2021-05-21,21.52,21.65,21.16,21.08,51917.0,-0.31,-1.44,21.526,21.459,20.826,73884.97,116761.02,89021.86,0.43
2021-05-20,21.26,21.76,21.47,21.21,82190.11,0.27,1.27,21.724,21.232,20.776,86626.81,119841.81,92784.13,0.68
2021-05-19,21.8,21.98,21.2,21.2,71702.98,-0.55,-2.53,21.944,21.121,20.67,110508.14,116659.89,91807.75,0.59
2021-05-18,22.04,22.24,21.75,21.61,66700.97,-0.3,-1.36,22.08,21.059,20.595,140874.07,116257.46,93532.37,0.55
2021-05-17,21.97,22.36,22.05,21.4,96913.78,-0.1,-0.45,21.958,20.95,20.432,172530.34,114127.1,91328.17,0.8
2021-05-14,22.45,22.63,22.15,21.81,115626.21,-0.42,-1.86,21.392,20.763,20.246,159637.08,107346.0,87266.59,0.95
2021-05-13,21.54,22.58,22.57,21.15,201596.75,0.69,3.15,20.74,20.546,20.051,153056.81,100319.51,82744.71,1.66
2021-05-12,21.33,21.88,21.88,20.8,223532.66,0.74,3.5,20.298,20.306,19.839,122811.65,84963.56,73863.05,1.84
2021-05-11,19.4,21.14,21.14,19.39,224982.3,1.92,9.99,20.038,20.153,19.653,91640.84,68332.85,64159.17,1.85
2021-05-10,19.29,19.38,19.22,19.0,32447.46,0.33,1.75,19.942,20.055,19.515,55723.85,53221.77,53712.07,0.27
2021-05-07,20.36,20.36,18.89,18.75,82724.87,-1.47,-7.22,20.134,20.193,19.478,55054.92,61282.7,52735.01,0.68
2021-05-06,20.4,20.83,20.36,20.2,50370.95,-0.22,-1.07,20.352,20.319,19.454,47582.22,65726.45,49147.2,0.41
2021-04-30,20.77,21.38,20.58,20.31,67678.62,-0.08,-0.39,20.314,20.219,19.356,47115.48,66955.61,47197.05,0.56
2021-04-29,20.2,20.69,20.66,20.11,45397.36,0.48,2.38,20.268,20.131,19.247,45024.86,70807.29,44314.2,0.37
2021-04-28,20.05,20.31,20.18,19.73,29102.8,0.2,1.0,20.168,19.914,19.131,50719.68,68529.24,42676.49,0.24
2021-04-27,20.16,20.27,19.98,19.66,45361.36,-0.19,-0.94,20.252,19.729,19.037,67510.47,67187.19,41962.14,0.37
2021-04-26,20.35,20.52,20.17,20.1,48037.25,-0.18,-0.89,20.286,19.555,18.962,83870.69,65169.91,40414.93,0.4
2021-04-23,20.1,20.75,20.35,20.06,57225.51,0.19,0.94,20.124,19.372,18.883,86795.74,62762.53,39013.91,0.47
2021-04-22,20.77,20.9,20.16,20.11,73871.48,-0.44,-2.14,19.994,19.152,18.788,96589.71,59985.5,36861.79,0.61
2021-04-21,20.22,20.98,20.6,20.1,113056.77,0.45,2.23,19.66,18.975,18.709,86338.81,54202.38,34217.21,0.93
2021-04-20,19.25,20.86,20.15,19.25,127162.42,0.79,4.08,19.206,18.762,18.602,66863.91,44187.32,29184.08,1.05
2021-04-19,19.4,19.54,19.36,18.9,62662.54,-0.34,-1.73,18.824,18.589,18.522,46469.13,32567.94,23423.35,0.52
2021-04-16,18.51,20.28,19.7,18.42,106195.36,1.21,6.54,18.62,18.492,18.475,38729.32,27438.49,21233.71,0.87
2021-04-15,18.33,18.55,18.49,18.21,22616.94,0.16,0.87,18.31,18.362,18.426,23381.28,17821.11,16632.56,0.19
2021-04-14,18.32,18.4,18.33,18.12,15682.28,0.09,0.49,18.29,18.347,18.437,22065.96,16823.74,16704.01,0.13
2021-04-13,18.38,18.42,18.24,18.08,25188.54,-0.1,-0.55,18.318,18.345,18.456,21510.73,16737.1,17400.55,0.21
2021-04-12,18.18,18.38,18.34,18.15,23963.46,0.19,1.05,18.354,18.368,18.461,18666.75,15659.94,17325.12,0.2
2021-04-09,18.39,18.39,18.15,18.15,29455.2,-0.24,-1.3,18.364,18.394,18.469,16147.66,15265.3,17847.67,0.24
2021-04-08,18.48,18.55,18.39,18.36,16040.3,-0.08,-0.43,18.414,18.424,18.48,12260.93,13738.08,17519.34,0.13
2021-04-07,18.41,18.59,18.47,18.35,12906.16,0.05,0.27,18.404,18.443,18.474,11581.53,14232.05,17822.13,0.11
2021-04-06,18.39,18.6,18.42,18.32,10968.63,0.03,0.16,18.372,18.441,18.485,11963.46,14180.83,18578.04,0.09
2021-04-02,18.45,18.5,18.39,18.35,11368.0,-0.01,-0.05,18.382,18.454,18.518,12653.14,14278.77,19304.52,0.09
2021-04-01,18.41,18.45,18.4,18.3,10021.54,0.06,0.33,18.424,18.458,18.558,14382.94,15028.93,20411.3,0.08
2021-03-31,18.31,18.41,18.34,18.23,12643.32,0.03,0.16,18.434,18.489,18.611,15215.23,15444.01,22817.07,0.1
2021-03-30,18.45,18.56,18.31,18.28,14815.82,-0.16,-0.87,18.482,18.526,18.659,16882.56,16584.28,23275.32,0.12
2021-03-29,18.67,18.67,18.47,18.43,14417.0,-0.13,-0.7,18.51,18.566,18.703,16398.2,18064.0,23827.97,0.12
2021-03-26,18.45,18.68,18.6,18.44,20017.0,0.15,0.81,18.526,18.554,18.744,15904.4,18990.3,24289.17,0.16
2021-03-25,18.63,18.67,18.45,18.42,14183.0,-0.13,-0.7,18.492,18.543,18.779,15674.92,20430.05,24926.92,0.12
2021-03-24,18.4,18.59,18.58,18.3,20980.0,0.13,0.7,18.544,18.536,18.821,15672.79,21300.61,26284.37,0.17
2021-03-23,18.59,18.68,18.45,18.44,12394.0,-0.1,-0.54,18.57,18.505,18.838,16285.99,21412.21,26483.02,0.1
2021-03-22,18.56,18.75,18.55,18.5,11948.0,0.12,0.65,18.622,18.528,18.864,19729.79,22975.24,27055.37,0.1
2021-03-19,18.69,18.7,18.43,18.41,18869.61,-0.28,-1.5,18.582,18.582,18.894,22076.2,24330.28,28647.6,0.16
2021-03-18,18.6,18.75,18.71,18.55,14172.36,0.0,0.0,18.594,18.657,18.949,25185.18,25793.68,29964.92,0.12
2021-03-17,18.9,19.04,18.71,18.63,24046.0,0.0,0.0,18.528,18.732,18.969,26928.42,30190.14,30647.77,0.2
2021-03-16,18.34,18.84,18.71,18.24,29613.0,0.36,1.96,18.44,18.792,18.967,26538.42,29966.35,30507.29,0.24
2021-03-15,18.47,18.55,18.35,18.2,23680.02,-0.14,-0.76,18.434,18.84,18.959,26220.69,29591.93,30097.84,0.19
2021-03-12,18.45,18.77,18.49,18.27,34414.53,0.11,0.6,18.582,18.933,18.963,26584.35,29588.05,30103.09,0.28
2021-03-11,18.32,18.43,18.38,18.27,22888.54,0.11,0.6,18.72,19.014,18.934,26402.17,29423.79,29228.15,0.19
2021-03-10,18.7,18.95,18.27,18.25,22096.0,-0.41,-2.19,18.936,19.105,18.907,33451.86,31268.13,29744.36,0.18
2021-03-09,19.0,19.15,18.68,18.5,28024.36,-0.41,-2.15,19.144,19.171,18.909,33394.29,31553.83,30117.29,0.23
2021-03-08,19.12,19.36,19.09,18.95,25498.34,-0.09,-0.47,19.246,19.199,18.909,32963.18,31135.49,29723.71,0.21
2021-03-05,19.38,19.38,19.18,18.81,33503.62,-0.28,-1.44,19.284,19.206,18.889,32591.74,32964.93,29946.74,0.28
2021-03-04,19.7,19.94,19.46,19.36,58136.96,0.15,0.78,19.308,19.241,18.879,32445.41,34136.17,30058.59,0.48
2021-03-03,19.19,19.34,19.31,19.0,21808.15,0.12,0.62,19.274,19.205,18.885,29084.4,31105.4,29264.51,0.18
2021-03-02,19.25,19.53,19.19,19.13,25868.81,-0.09,-0.47,19.198,19.141,18.885,29713.37,31048.22,29227.39,0.21
2021-03-01,19.35,19.44,19.28,19.12,23641.15,-0.02,-0.1,19.152,19.077,18.893,29307.81,30603.74,28908.04,0.19
2021-02-26,19.08,19.43,19.3,18.98,32772.0,0.01,0.05,19.128,18.993,18.901,33338.13,30618.13,28908.25,0.27
2021-02-25,18.95,19.64,19.29,18.9,41331.89,0.36,1.9,19.174,18.854,18.919,35826.93,29032.51,28888.09,0.34
2021-02-24,18.93,19.25,18.93,18.88,24953.01,-0.03,-0.16,19.136,18.709,18.963,33126.39,28220.6,28310.04,0.21
2021-02-23,19.02,19.21,18.96,18.87,23840.99,-0.2,-1.04,19.084,18.647,19.03,32383.06,28680.74,28540.58,0.2
2021-02-22,19.5,19.5,19.16,19.06,43792.75,-0.37,-1.9,19.002,18.618,19.112,31899.67,28311.93,30395.07,0.36
2021-02-19,19.14,19.71,19.53,19.1,45216.01,0.43,2.25,18.858,18.571,19.152,27898.14,26928.55,29355.53,0.37
2021-02-18,19.02,19.11,19.1,18.84,27829.2,0.43,2.3,18.534,18.517,19.167,22238.08,25981.02,28297.48,0.23
2021-02-10,18.55,18.78,18.67,18.48,21236.37,0.12,0.65,18.282,18.564,19.209,23314.8,27423.63,28406.1,0.17
2021-02-09,18.46,18.6,18.55,18.25,21424.03,0.11,0.6,18.21,18.629,19.264,24978.42,27406.56,29138.14,0.18
2021-02-08,17.86,18.44,18.44,17.84,23785.09,0.53,2.96,18.234,18.709,19.309,24724.18,27212.35,29260.45,0.2
2021-02-05,17.97,18.22,17.91,17.85,16915.71,0.07,0.39,18.284,18.808,19.356,25958.97,27198.37,29767.7,0.14
2021-02-04,18.15,18.29,17.84,17.8,33212.8,-0.47,-2.57,18.5,18.983,19.45,29723.95,28743.68,30214.5,0.27
2021-02-03,18.64,18.65,18.31,18.12,29554.49,-0.36,-1.93,18.846,19.216,19.529,31532.45,28399.48,30150.54,0.24
2021-02-02,18.8,18.9,18.67,18.55,20152.83,-0.02,-0.11,19.048,19.413,19.608,29834.69,28400.43,29997.91,0.17
2021-02-01,18.99,19.29,18.69,18.63,29959.0,-0.3,-1.58,19.184,19.606,19.679,29700.51,32478.22,30441.58,0.25
2021-01-29,19.52,19.64,18.99,18.88,35740.65,-0.58,-2.96,19.332,19.733,19.754,28437.77,31782.51,30730.77,0.29
2021-01-28,19.33,19.79,19.57,19.33,42255.3,0.25,1.29,19.466,19.816,19.806,27763.41,30613.94,29931.99,0.35
2021-01-27,19.48,19.55,19.32,19.26,21065.65,-0.03,-0.15,19.586,19.853,19.818,25266.5,29388.57,28743.03,0.17
2021-01-26,19.3,19.69,19.35,19.3,19481.96,-0.08,-0.41,19.778,19.899,19.841,26966.16,30869.72,28716.69,0.16
2021-01-25,19.8,19.83,19.43,19.32,23645.31,-0.23,-1.17,20.028,19.908,19.851,35255.93,31308.54,28956.7,0.19
2021-01-22,20.13,20.13,19.66,19.63,32368.83,-0.51,-2.53,20.134,19.903,19.857,35127.25,32337.03,28829.8,0.27
2021-01-21,20.21,20.35,20.17,20.0,29770.73,-0.11,-0.54,20.166,19.916,19.854,33464.46,31685.32,29130.89,0.25
2021-01-20,20.5,20.65,20.28,20.16,29563.99,-0.32,-1.55,20.12,19.842,19.849,33510.65,31901.6,28678.56,0.24
2021-01-19,20.16,20.77,20.6,20.15,60930.77,0.64,3.21,20.02,19.802,19.842,34773.28,31595.39,28694.55,0.5
2021-01-18,19.82,20.15,19.96,19.82,23001.93,0.14,0.71,19.788,19.751,19.846,27361.16,28404.94,26428.56,0.19
2021-01-15,19.96,20.23,19.82,19.75,24054.89,-0.12,-0.6,19.672,19.775,19.875,29546.81,29679.03,26138.19,0.2
2021-01-14,19.78,20.0,19.94,19.62,30001.68,0.16,0.81,19.666,19.795,19.919,29906.18,29250.05,26232.41,0.25
2021-01-13,19.44,19.89,19.78,19.18,35877.15,0.34,1.75,19.564,19.782,19.955,30292.55,28097.49,25962.36,0.3
2021-01-12,19.38,19.55,19.44,19.2,23870.14,0.06,0.31,19.584,19.782,20.016,28417.49,26563.65,25873.43,0.2
2021-01-11,19.68,19.86,19.38,19.29,33930.21,-0.41,-2.07,19.714,19.793,20.11,29448.72,26604.86,25502.21,0.28
2021-01-08,19.42,19.85,19.79,19.42,25851.7,0.36,1.85,19.878,19.81,20.218,29811.24,25322.57,25327.67,0.21
2021-01-07,19.9,19.95,19.43,19.31,31933.56,-0.45,-2.26,19.924,19.791,20.315,28593.93,26576.47,25629.98,0.26
2021-01-06,20.13,20.18,19.88,19.86,26501.86,-0.21,-1.04,20.0,19.856,20.418,25902.44,25455.52,25711.52,0.22
2021-01-05,20.21,20.28,20.09,19.89,29026.25,-0.11,-0.55,19.98,19.881,20.493,24709.8,25793.71,25199.38,0.24
2021-01-04,20.11,20.48,20.2,19.88,35742.83,0.18,0.9,19.872,19.94,20.558,23760.99,24452.17,25966.1,0.29
2020-12-31,19.91,20.14,20.02,19.77,19765.14,0.21,1.06,19.742,19.975,20.636,20833.91,22597.36,25139.61,0.16
2020-12-30,19.78,19.93,19.81,19.73,18476.1,0.03,0.15,19.658,20.043,20.738,24559.01,23214.77,25432.29,0.15
2020-12-29,19.55,19.93,19.78,19.52,20538.68,0.23,1.18,19.712,20.127,20.852,25008.59,23827.22,27535.02,0.17
2020-12-28,19.49,19.73,19.55,19.18,24282.22,0.0,0.0,19.782,20.249,20.945,26877.61,25183.21,28577.59,0.2
2020-12-25,19.6,19.66,19.55,19.46,21107.4,-0.05,-0.26,20.008,20.427,21.048,25143.35,24399.57,30800.98,0.17
2020-12-24,20.08,20.16,19.6,19.49,38390.66,-0.48,-2.39,20.208,20.625,21.166,24360.82,25332.77,32973.64,0.32
2020-12-23,20.1,20.3,20.08,20.01,20724.01,-0.05,-0.25,20.428,20.838,21.257,21870.53,24683.5,32431.82,0.17
2020-12-22,20.8,20.8,20.13,20.07,29883.76,-0.55,-2.66,20.542,20.98,21.325,22645.84,25967.52,33884.03,0.25
2020-12-21,20.57,20.83,20.68,20.51,15610.94,0.13,0.63,20.716,21.105,21.41,23488.8,24605.06,34161.59,0.13
2020-12-18,20.8,20.9,20.55,20.52,17194.71,-0.15,-0.72,20.846,21.175,21.478,23655.79,27480.03,35499.97,0.14
2020-12-17,20.55,20.73,20.7,20.32,25939.24,0.05,0.24,21.042,21.297,21.555,26304.72,27681.86,36663.64,0.21
2020-12-16,21.01,21.02,20.65,20.51,24600.54,-0.35,-1.67,21.248,21.432,21.625,27496.46,27649.8,36866.84,0.2
2020-12-15,21.39,21.39,21.0,20.97,34098.59,-0.33,-1.55,21.418,21.577,21.697,29289.21,31242.82,37280.68,0.28
2020-12-14,21.58,21.6,21.33,21.3,16445.86,-0.2,-0.93,21.494,21.64,21.743,25721.31,31971.96,37963.7,0.14
2020-12-11,21.79,21.79,21.53,21.26,30439.35,-0.2,-0.92,21.504,21.668,21.781,31304.27,37202.39,40115.31,0.25
2020-12-10,21.52,21.91,21.73,21.26,31897.98,0.23,1.07,21.552,21.707,21.807,29059.0,40614.51,45563.6,0.26
2020-12-09,21.46,21.56,21.5,21.27,33564.26,0.12,0.56,21.616,21.676,21.868,27803.13,40180.14,55819.87,0.28
2020-12-08,21.3,21.48,21.38,21.3,16259.08,0.0,0.0,21.736,21.669,22.006,33196.44,41800.53,63732.41,0.13
2020-12-07,21.8,21.85,21.38,21.34,44360.66,-0.39,-1.79,21.786,21.715,22.131,38222.62,43718.13,70400.2,0.37
2020-12-04,21.86,22.0,21.77,21.68,19213.03,-0.28,-1.27,21.832,21.781,22.25,43100.51,43519.92,76926.8,0.16
2020-12-03,22.1,22.12,22.05,21.82,25618.63,-0.05,-0.23,21.862,21.812,22.354,52170.01,45645.42,82352.76,0.21
2020-12-02,21.71,22.15,22.1,21.51,60530.79,0.47,2.17,21.736,21.818,22.407,52557.16,46083.89,86232.54,0.5
2020-12-01,21.62,21.7,21.63,21.26,41390.0,0.02,0.09,21.602,21.816,22.4,50404.63,43318.54,85549.89,0.4
2020-11-30,22.02,22.03,21.61,21.11,68750.12,-0.31,-1.41,21.644,21.845,22.426,49213.63,43955.44,85656.22,0.66
2020-11-27,21.42,22.22,21.92,21.41,64560.53,0.5,2.33,21.73,21.894,22.453,43939.32,43028.23,84445.88,0.62
2020-11-26,21.51,21.6,21.42,21.38,27554.34,-0.01,-0.05,21.762,21.906,22.489,39120.82,50512.69,83472.91,0.26
2020-11-25,21.92,21.97,21.43,21.35,49768.15,-0.41,-1.88,21.9,22.059,22.57,39610.62,71459.59,83980.95,0.48
2020-11-24,22.04,22.04,21.84,21.82,35435.02,-0.2,-0.91,22.03,22.343,22.638,36232.45,85664.29,83704.37,0.34
2020-11-23,21.98,22.1,22.04,21.84,42378.54,-0.04,-0.18,22.046,22.547,22.677,38697.25,97082.27,85202.4,0.4
2020-11-20,22.17,22.18,22.08,21.94,40468.03,-0.03,-0.14,22.058,22.718,22.727,42117.15,110333.68,86534.57,0.39
2020-11-19,22.21,22.22,22.11,22.02,30003.36,0.03,0.14,22.05,22.895,22.812,61904.57,119060.1,88007.61,0.29
2020-11-18,22.0,22.16,22.08,21.98,32877.3,0.16,0.73,22.218,22.996,22.914,103308.55,126381.2,90550.43,0.31
2020-11-17,22.1,22.14,21.92,21.8,47759.0,-0.18,-0.81,22.656,22.983,23.009,135096.13,127781.24,91617.44,0.46
2020-11-16,22.23,22.33,22.1,22.01,59478.07,0.06,0.27,23.048,23.006,23.114,155467.29,127356.99,93549.85,0.57
2020-11-13,22.47,22.47,22.04,21.91,139405.12,-0.91,-3.96,23.378,23.011,23.198,178550.2,125863.52,95435.56,1.33
2020-11-12,24.64,24.68,22.95,22.38,237023.28,-1.32,-5.44,23.74,23.072,23.251,176215.62,116433.13,89951.94,2.26
2020-11-11,24.15,24.68,24.27,24.05,191815.2,0.39,1.63,23.774,23.08,23.269,149453.84,96502.32,79911.33,1.83
2020-11-10,23.86,24.44,23.88,23.63,149614.8,0.13,0.55,23.31,22.933,23.221,120466.34,81744.44,72884.41,1.43
2020-11-09,23.68,24.23,23.75,23.48,174892.59,-0.1,-0.42,22.964,22.807,23.205,99246.69,73322.54,70794.01,1.67
2020-11-06,23.0,23.88,23.85,22.79,127732.23,0.73,3.16,22.644,22.735,23.18,73176.84,62735.47,65648.76,1.22
2020-11-05,22.1,23.25,23.12,21.94,103214.36,1.17,5.33,22.404,22.729,23.122,56650.63,56955.13,60592.71,0.99
2020-11-04,22.24,22.29,21.95,21.92,46877.74,-0.2,-0.9,22.386,22.831,23.083,43550.81,54719.67,56473.86,0.45
2020-11-03,22.18,22.44,22.15,22.0,43516.53,0.0,0.0,22.556,23.035,23.11,43022.54,55453.63,55193.43,0.42
2020-11-02,22.66,22.88,22.15,22.1,44543.34,-0.5,-2.21,22.65,23.221,23.127,47398.38,59742.7,54200.89,0.43
2020-10-30,22.91,23.2,22.65,22.6,45101.19,-0.38,-1.65,22.826,23.384,23.15,52294.1,65007.6,53538.75,0.43
2020-10-29,22.65,23.04,23.03,22.5,37715.24,0.23,1.01,23.054,23.43,23.164,57259.63,63470.74,53996.5,0.36
2020-10-28,22.68,22.91,22.8,22.42,44236.41,0.18,0.8,23.276,23.457,23.147,65888.53,63320.34,53397.88,0.42
2020-10-27,23.21,23.21,22.62,22.52,65395.73,-0.41,-1.78,23.514,23.509,23.145,67884.72,64024.38,53722.2,0.62
2020-10-26,23.94,24.07,23.03,23.03,69021.91,-0.76,-3.19,23.792,23.603,23.16,72087.02,68265.49,52576.11,0.66
2020-10-23,24.13,24.4,23.79,23.77,69928.86,-0.35,-1.45,23.942,23.625,23.156,77721.1,68562.05,53105.99,0.67
2020-10-22,24.01,24.4,24.14,23.73,80859.74,0.15,0.62,23.806,23.515,23.091,69681.86,64230.29,51175.27,0.77
2020-10-21,23.97,24.14,23.99,23.75,54217.36,-0.02,-0.08,23.638,23.334,23.009,60752.15,58228.06,48311.27,0.52
2020-10-20,23.57,24.06,24.01,23.48,86407.22,0.23,0.97,23.504,23.185,22.935,60164.03,54933.23,46507.28,0.83
2020-10-19,23.13,23.81,23.78,23.13,97192.34,0.67,2.9,23.414,23.033,22.865,64443.97,48659.08,43540.66,0.93
2020-10-16,23.2,23.38,23.11,23.09,29732.63,-0.19,-0.81,23.308,22.916,22.793,59403.0,42069.89,40166.29,0.28
2020-10-15,23.46,23.59,23.3,23.15,36211.22,-0.02,-0.09,23.224,22.898,22.739,58778.71,44522.25,40727.78,0.35
2020-10-14,23.7,23.79,23.32,23.31,51276.74,-0.24,-1.02,23.03,22.837,22.693,55703.96,43475.41,41044.59,0.49
2020-10-13,23.25,24.05,23.56,23.14,107806.91,0.31,1.33,22.866,22.781,22.665,49702.42,43420.03,40832.14,1.03
2020-10-12,22.88,23.28,23.25,22.79,71987.52,0.56,2.47,22.652,22.717,22.605,32874.18,36886.74,37521.59,0.69
2020-10-09,22.55,22.84,22.69,22.5,26611.17,0.36,1.61,22.524,22.686,22.576,24736.78,37649.93,35611.0,0.25
2020-09-30,22.62,22.66,22.33,22.31,20837.47,-0.17,-0.76,22.572,22.666,22.58,30265.79,38120.26,35676.09,0.2
2020-09-29,22.5,22.63,22.5,22.39,21269.03,0.01,0.04,22.644,22.684,22.604,31246.86,38394.48,37025.5,0.2
2020-09-28,22.6,22.8,22.49,22.48,23665.72,-0.12,-0.53,22.696,22.685,22.62,37137.64,38081.34,39047.3,0.23
2020-09-25,22.69,22.99,22.61,22.6,31300.5,-0.32,-1.4,22.782,22.696,22.649,40899.29,38422.25,40269.44,0.3
2020-09-24,22.64,23.23,22.93,22.55,54256.24,0.24,1.06,22.848,22.67,22.681,50563.09,38262.68,40809.39,0.52
2020-09-23,22.75,22.94,22.69,22.6,25742.83,-0.07,-0.31,22.76,22.58,22.694,45974.73,36933.32,39823.2,0.25
2020-09-22,22.8,23.38,22.76,22.6,50722.92,-0.16,-0.7,22.724,22.549,22.713,45542.1,38613.77,40905.44,0.48
2020-09-21,23.3,23.33,22.92,22.81,42473.96,-0.02,-0.09,22.674,22.548,22.737,39025.05,38244.25,42379.82,0.41
2020-09-18,22.67,23.0,22.94,22.47,79619.5,0.45,2.0,22.61,22.492,22.784,35945.21,38156.45,45578.0,0.76
2020-09-17,22.51,22.64,22.49,22.19,31314.42,-0.02,-0.09,22.492,22.466,22.83,25962.28,33572.07,46267.45,0.3
2020-09-16,22.7,22.79,22.51,22.49,23579.68,0.0,0.0,22.4,22.494,22.896,27891.91,33231.92,49875.79,0.23
2020-09-15,22.67,22.67,22.51,22.44,18137.67,-0.09,-0.4,22.374,22.523,22.943,31685.45,35656.52,54709.82,0.17
2020-09-14,22.5,22.69,22.6,22.3,27074.79,0.25,1.12,22.422,22.555,22.978,37463.46,40013.25,56227.69,0.26
2020-09-11,22.02,22.4,22.35,21.8,29704.82,0.32,1.45,22.374,22.602,23.009,40367.68,42116.64,58533.75,0.28
2020-09-10,22.4,22.75,22.03,22.0,40962.58,-0.35,-1.56,22.44,22.691,23.032,41181.87,43356.1,59428.22,0.39
2020-09-09,22.68,22.79,22.38,22.27,42547.39,-0.37,-1.63,22.588,22.807,23.065,38571.92,42713.07,59428.88,0.41
2020-09-08,22.51,22.84,22.75,22.41,47027.73,0.39,1.74,22.672,22.876,23.091,39627.6,43197.1,61478.9,0.45
2020-09-07,22.67,22.92,22.36,22.2,41595.88,-0.32,-1.41,22.688,22.925,23.094,42563.04,46515.39,62293.56,0.4
2020-09-04,22.6,22.94,22.68,22.37,33775.78,-0.09,-0.4,22.83,23.076,23.127,43865.6,52999.55,63399.0,0.32
2020-09-03,22.98,22.98,22.77,22.7,27912.84,-0.03,-0.13,22.942,23.194,23.153,45530.33,58962.83,65394.74,0.27
2020-09-02,22.85,23.09,22.8,22.5,47825.76,-0.03,-0.13,23.026,23.297,23.204,46854.22,66519.67,68072.27,0.46
2020-09-01,23.03,23.21,22.83,22.61,61704.92,-0.24,-1.04,23.08,23.363,23.244,46766.6,73763.12,69980.66,0.59
2020-08-31,23.2,23.49,23.07,23.07,48108.68,-0.17,-0.73,23.162,23.4,23.276,50467.74,72442.13,71171.28,0.46
2020-08-28,23.13,23.3,23.24,22.97,42099.45,0.05,0.22,23.322,23.416,23.303,62133.5,74950.87,73048.88,0.4
2020-08-27,23.07,23.24,23.19,22.93,34532.3,0.12,0.52,23.446,23.372,23.298,72395.34,75500.34,75197.87,0.33
2020-08-26,23.2,23.46,23.07,22.92,47387.64,-0.17,-0.73,23.568,23.323,23.265,86185.11,76144.68,75731.14,0.45
2020-08-25,23.87,23.88,23.24,23.21,80210.63,-0.63,-2.64,23.646,23.305,23.248,100759.64,79760.71,76439.62,0.77
2020-08-24,24.09,24.51,23.87,23.8,106437.49,0.01,0.04,23.638,23.262,23.197,94416.51,78071.72,74422.58,1.02
2020-08-21,24.04,24.24,23.86,23.56,93408.62,0.06,0.25,23.51,23.177,23.107,87768.24,73798.45,71777.84,0.89
2020-08-20,23.34,23.91,23.8,23.06,103481.18,0.34,1.45,23.298,23.111,23.032,78605.33,71826.64,72515.87,0.99
2020-08-19,23.23,23.95,23.46,23.21,120260.3,0.26,1.12,23.078,23.11,22.995,66104.24,69624.87,72566.06,1.15
2020-08-18,23.28,23.4,23.2,23.12,48494.97,-0.03,-0.13,22.964,23.124,23.006,58761.77,66198.2,70671.09,0.46
2020-08-17,22.8,23.3,23.23,22.75,73196.13,0.43,1.89,22.886,23.152,23.039,61726.94,69900.43,72696.08,0.7
2020-08-14,22.65,22.9,22.8,22.51,47594.09,0.1,0.44,22.844,23.19,23.063,59828.65,71146.89,73141.38,0.45
2020-08-13,22.9,22.9,22.7,22.6,40975.72,-0.19,-0.83,22.924,23.224,23.073,65047.95,74895.41,75386.24,0.39
2020-08-12,22.58,22.99,22.89,22.09,83547.93,0.08,0.35,23.142,23.206,23.095,73145.49,75317.61,78971.71,0.8
2020-08-11,23.09,23.46,22.81,22.7,63320.81,-0.21,-0.91,23.284,23.191,23.14,73634.63,73118.53,81975.86,0.6
2020-08-10,23.18,23.31,23.02,22.71,63704.71,-0.18,-0.78,23.418,23.132,23.24,78073.93,70773.43,90428.82,0.61
2020-08-07,23.8,23.8,23.2,22.92,73690.57,-0.59,-2.48,23.536,23.036,23.392,82465.13,69757.23,97979.68,0.7
2020-08-06,23.49,23.97,23.79,23.35,81463.44,0.19,0.81,23.524,22.952,23.532,84742.88,73205.1,106509.18,0.78
2020-08-05,23.47,23.73,23.6,23.05,85993.61,0.12,0.51,23.27,22.879,23.634,77489.73,75507.25,115595.89,0.82
2020-08-04,23.51,23.74,23.48,23.15,85517.3,-0.13,-0.55,23.098,22.887,23.769,72602.43,75143.99,134052.44,0.82
2020-08-03,23.29,23.69,23.61,23.14,85660.72,0.47,2.03,22.846,22.925,23.861,63472.93,75491.74,145058.67,0.82
2020-07-31,22.5,23.14,23.14,22.48,85079.33,0.62,2.75,22.536,22.935,23.831,57049.34,75135.86,149043.8,0.81
2020-07-30,22.7,22.97,22.52,22.45,45197.7,-0.22,-0.97,22.38,22.922,23.78,61667.31,75877.07,150573.09,0.43
2020-07-29,22.22,22.75,22.74,21.93,61557.09,0.52,2.34,22.488,22.983,23.763,73524.78,82625.81,156858.5,0.59
2020-07-28,22.2,22.54,22.22,22.06,39869.79,0.16,0.72,22.676,23.089,23.692,77685.55,90833.2,157205.89,0.38
2020-07-27,22.36,22.49,22.06,21.92,53542.77,-0.3,-1.34,23.004,23.348,23.655,87510.55,110084.22,159549.5,0.51
2020-07-24,22.92,23.5,22.36,22.01,108169.21,-0.7,-3.04,23.334,23.747,23.601,93222.39,126202.13,158925.96,1.03
2020-07-23,23.42,23.5,23.06,22.7,104485.02,-0.62,-2.62,23.464,24.111,23.535,90086.83,139813.26,155171.64,1.0
2020-07-22,23.86,24.18,23.68,23.5,82360.96,-0.18,-0.75,23.478,24.389,23.433,91726.84,155684.52,152459.78,0.79
2020-07-21,23.8,24.36,23.86,23.59,88994.77,0.15,0.63,23.502,24.65,23.306,103980.84,192960.9,150850.43,0.85
2020-07-20,23.6,23.82,23.71,23.13,82101.99,0.7,3.04,23.692,24.796,23.169,132657.89,214625.6,149853.98,0.78
2020-07-17,23.13,23.48,23.01,22.67,92491.43,-0.12,-0.52,24.16,24.727,23.045,159181.87,222951.73,148762.21,0.88
2020-07-16,23.9,24.2,23.13,23.03,112685.07,-0.67,-2.81,24.758,24.637,22.972,189539.68,225269.1,149217.04,1.08
2020-07-15,24.87,25.08,23.8,23.74,143630.95,-1.01,-4.07,25.3,24.542,22.867,219642.2,231091.19,146617.29,1.42
2020-07-14,25.88,25.93,24.81,24.35,232380.0,-1.24,-4.76,25.798,24.295,22.731,281940.95,223578.59,142769.29,2.29
2020-07-13,25.9,26.47,26.05,25.45,214721.88,0.05,0.19,25.9,23.961,22.577,296593.31,209014.78,134806.78,2.12
2020-07-10,25.5,26.76,26.0,25.28,244280.5,0.16,0.62,25.294,23.455,22.373,286721.59,191649.8,130178.83,2.41
2020-07-09,25.7,26.17,25.84,25.0,263197.66,-0.45,-1.71,24.516,22.959,22.151,260998.53,170530.03,120530.41,2.6
2020-07-08,25.35,27.13,26.29,25.03,455124.72,0.97,3.83,23.784,22.477,21.954,242540.19,149235.04,111503.87,4.49
2020-07-07,23.45,25.32,25.32,23.05,305641.81,2.3,9.99,22.792,21.962,21.732,165216.22,108739.96,97550.15,3.02
2020-07-06,22.11,23.08,23.02,22.1,165363.25,0.91,4.12,22.022,21.542,21.525,121436.25,85082.37,86608.16,1.63
2020-07-03,22.18,22.55,22.11,21.82,115665.19,-0.07,-0.32,21.616,21.362,21.416,96578.0,74572.7,80038.09,1.14
2020-07-02,21.4,22.35,22.18,21.4,170905.97,0.85,3.98,21.402,21.307,21.354,80061.53,73164.98,78050.05,1.69
2020-07-01,21.78,21.78,21.33,21.26,68504.87,-0.14,-0.65,21.17,21.191,21.303,55929.89,62143.39,76146.14,0.68
2020-06-30,21.18,21.55,21.47,21.12,86741.97,0.48,2.29,21.132,21.166,21.268,52263.7,61960.0,75832.12,0.86
2020-06-29,21.0,21.23,20.99,20.78,41072.01,-0.05,-0.24,21.062,21.192,21.208,48728.48,60598.77,73532.7,0.41
2020-06-24,21.02,21.2,21.04,21.0,33082.85,0.02,0.1,21.108,21.29,21.166,52567.39,68707.86,73993.39,0.33
2020-06-23,21.5,21.5,21.02,20.96,50247.73,-0.12,-0.57,21.212,21.342,21.142,66268.42,70530.78,75415.05,0.5
2020-06-22,21.11,21.21,21.14,21.0,50173.93,0.02,0.1,21.212,21.43,21.106,68356.89,73772.69,75028.16,0.5
2020-06-19,21.2,21.39,21.12,20.99,69065.89,-0.1,-0.47,21.2,21.501,21.059,71656.29,86360.35,75260.24,0.68
2020-06-18,21.58,21.58,21.22,21.05,60266.57,-0.34,-1.58,21.322,21.507,21.043,72469.06,88133.95,75419.23,0.6
2020-06-17,21.0,21.96,21.56,20.92,101587.96,0.54,2.57,21.472,21.469,21.042,84848.33,85503.49,79213.49,1.0
2020-06-16,21.22,21.34,21.02,20.8,60690.09,-0.06,-0.28,21.472,21.4,20.993,74793.15,82935.13,76422.75,0.6
2020-06-15,21.51,21.69,21.08,21.08,66670.96,-0.41,-1.91,21.648,21.414,20.971,79188.5,90148.89,75689.54,0.66
2020-06-12,21.55,22.05,21.73,21.45,73129.73,-0.24,-1.09,21.802,21.369,20.943,101064.4,89704.25,75386.04,0.72
2020-06-11,21.62,22.33,21.97,21.57,122162.89,0.41,1.9,21.692,21.224,20.887,103798.83,86466.63,75891.45,1.21
2020-06-10,21.87,21.88,21.56,21.56,51312.06,-0.34,-1.55,21.466,21.041,20.798,86158.65,79278.93,71339.5,0.51
2020-06-09,21.76,22.09,21.9,21.66,82666.85,0.05,0.23,21.328,20.942,20.734,91077.11,80299.32,70614.08,0.82
2020-06-08,21.1,22.2,21.85,21.1,176050.45,0.67,3.16,21.18,20.781,20.642,101109.28,76283.63,68601.71,1.74
2020-06-05,20.8,21.4,21.18,20.73,86801.91,0.34,1.63,20.936,20.617,20.565,78344.1,64160.14,62191.24,0.86
2020-06-04,20.88,21.0,20.84,20.75,33961.96,-0.03,-0.14,20.756,20.579,20.535,69134.43,62704.5,60856.57,0.34
2020-06-03,21.22,21.22,20.87,20.77,75904.36,-0.29,-1.37,20.616,20.614,20.519,72399.21,72923.5,63459.12,0.75
2020-06-02,20.7,21.44,21.16,20.7,132827.73,0.53,2.57,20.556,20.585,20.483,69521.54,69910.38,63584.86,1.31
2020-06-01,20.31,20.78,20.63,20.26,62224.56,0.35,1.73,20.382,20.527,20.41,51457.98,61230.19,59862.1,0.61
2020-05-29,20.0,20.6,20.28,19.91,40753.53,0.14,0.69,20.298,20.517,20.338,49976.18,61067.82,57751.97,0.4
2020-05-28,20.53,20.85,20.14,20.11,50285.88,-0.43,-2.09,20.402,20.55,20.285,56274.58,65316.27,57376.45,0.5
2020-05-27,20.29,20.92,20.57,20.23,61516.01,0.28,1.38,20.612,20.554,20.239,73447.79,63400.08,56129.18,0.61
2020-05-26,20.26,20.46,20.29,20.1,42509.93,0.08,0.4,20.614,20.526,20.172,70299.21,60928.83,54473.67,0.42
2020-05-25,20.7,20.97,20.21,20.21,54815.55,-0.59,-2.84,20.672,20.503,20.135,71002.41,60919.79,53895.16,0.54
2020-05-22,21.18,21.25,20.8,20.79,72245.53,-0.39,-1.84,20.736,20.512,20.101,72159.46,60222.34,52708.23,0.71
2020-05-21,20.59,21.88,21.19,20.59,136151.95,0.61,2.96,20.698,20.49,20.045,74357.95,59008.63,52140.51,1.34
2020-05-20,20.61,20.85,20.58,20.46,45773.09,0.0,0.0,20.496,20.424,19.968,53352.36,53994.75,47465.33,0.45
2020-05-19,20.78,20.91,20.58,20.56,46025.91,0.05,0.24,20.438,20.381,19.915,51558.45,57259.35,46726.0,0.45
2020-05-18,20.5,20.88,20.53,20.42,60600.82,-0.08,-0.39,20.334,20.293,19.858,50837.18,58494.01,45386.82,0.6
2020-05-15,20.26,20.78,20.61,20.22,83237.98,0.43,2.13,20.288,20.159,19.807,48285.22,54436.13,44461.66,0.82
2020-05-14,20.1,20.45,20.18,20.05,31123.99,-0.11,-0.54,20.282,20.019,19.744,43659.31,49436.63,41504.87,0.31
2020-05-13,20.05,20.47,20.29,19.92,36803.57,0.23,1.15,20.352,19.923,19.69,54637.13,48858.28,41110.32,0.36
2020-05-12,20.3,20.36,20.06,19.89,42419.52,-0.24,-1.18,20.324,19.817,19.651,62960.24,48018.5,41014.83,0.42
2020-05-11,20.56,20.63,20.3,20.22,47841.03,-0.28,-1.36,20.252,19.767,19.627,66150.84,46870.52,40126.27,0.47
2020-05-08,20.53,20.75,20.58,20.37,60108.45,0.05,0.24,20.03,19.689,19.589,60587.04,45194.13,39259.61,0.59
2020-05-07,20.16,20.86,20.53,20.15,86013.09,0.38,1.89,19.756,19.599,19.548,55213.95,45272.38,38075.03,0.85
2020-05-06,19.68,20.2,20.15,19.51,78419.12,0.45,2.28,19.494,19.511,19.499,43079.42,40935.92,35326.21,0.77
2020-04-30,19.31,20.0,19.7,19.23,58372.52,0.51,2.66,19.31,19.448,19.472,33076.76,36192.65,33322.16,0.58
2020-04-29,19.22,19.32,19.19,19.05,20022.0,-0.02,-0.1,19.282,19.422,19.461,27590.2,32279.63,33508.46,0.2
2020-04-28,19.3,19.75,19.21,18.89,33243.02,-0.01,-0.05,19.348,19.454,19.507,29801.21,34487.2,38265.72,0.33
2020-04-27,19.3,19.44,19.22,19.18,25340.43,-0.01,-0.05,19.442,19.468,19.526,35330.82,33573.12,40977.27,0.25
2020-04-24,19.59,19.68,19.23,19.2,28405.81,-0.33,-1.69,19.528,19.457,19.508,38792.42,33362.37,41201.25,0.28
2020-04-23,19.6,19.8,19.56,19.47,30939.72,0.04,0.2,19.586,19.485,19.492,39308.54,34011.16,41515.54,0.31
2020-04-22,19.62,19.65,19.52,19.35,31077.09,-0.16,-0.81,19.562,19.486,19.475,36969.07,33382.02,42595.97,0.31
2020-04-21,19.79,20.15,19.68,19.63,60891.04,0.03,0.15,19.56,19.489,19.444,39173.18,33325.09,42773.04,0.6
2020-04-20,19.54,19.8,19.65,19.02,42648.44,0.13,0.67,19.494,19.497,19.393,31815.42,30877.68,41260.87,0.42
2020-04-17,19.5,19.76,19.52,19.42,30986.41,0.08,0.41,19.386,19.487,19.372,27932.33,29716.51,40609.42,0.31
2020-04-16,19.34,19.61,19.44,19.25,19242.38,-0.07,-0.36,19.384,19.495,19.356,28713.78,30451.68,42135.92,0.19
2020-04-15,19.35,19.99,19.51,19.26,42097.65,0.16,0.83,19.41,19.5,19.344,29794.98,34737.28,43578.49,0.42
2020-04-14,19.2,19.36,19.35,19.12,24102.21,0.24,1.26,19.418,19.559,19.339,27476.99,42044.24,44088.32,0.24
2020-04-13,19.48,19.48,19.11,19.01,23232.98,-0.4,-2.05,19.5,19.584,19.361,29939.95,48381.43,46148.55,0.23
2020-04-10,19.63,19.79,19.51,19.44,34893.7,-0.06,-0.31,19.588,19.558,19.415,31500.69,49040.12,48605.4,0.34
2020-04-09,19.65,19.74,19.57,19.5,24648.34,0.02,0.1,19.606,19.498,19.472,32189.58,49019.91,49266.38,0.24
2020-04-08,19.76,19.79,19.55,19.49,30507.7,-0.21,-1.06,19.59,19.464,19.545,39679.58,51809.92,51369.69,0.3
2020-04-07,19.81,19.9,19.76,19.66,36417.02,0.21,1.07,19.7,19.399,19.612,56611.5,52220.99,53233.79,0.36
2020-04-03,19.6,19.66,19.55,19.38,31036.7,-0.05,-0.26,19.668,19.288,19.665,66822.9,51644.05,54915.32,0.31
2020-04-02,19.35,19.68,19.6,19.2,38338.12,0.11,0.56,19.528,19.257,19.76,66579.54,51502.34,55608.34,0.38
2020-04-01,19.79,20.25,19.49,19.46,62098.35,-0.61,-3.04,19.39,19.217,19.862,65850.24,53820.17,56847.12,0.61
2020-03-31,19.5,20.38,20.1,19.21,115167.31,0.5,2.55,19.338,19.188,19.961,63940.25,52419.71,56368.16,1.14
2020-03-30,18.62,20.3,19.6,18.18,87474.04,0.75,3.98,19.098,19.118,20.021,47830.48,46132.4,53744.29,0.86
2020-03-27,19.0,19.16,18.85,18.82,29819.89,-0.06,-0.32,18.908,19.138,20.095,36465.2,43915.67,51965.73,0.29
2020-03-26,19.17,19.19,18.91,18.87,34691.61,-0.32,-1.66,18.986,19.271,20.173,36425.14,48170.69,55026.02,0.34
2020-03-25,19.17,19.35,19.23,19.0,52548.42,0.33,1.75,19.044,19.446,20.297,41790.1,49512.85,56081.91,0.52
2020-03-24,18.84,19.18,18.9,18.62,34618.46,0.25,1.34,19.038,19.626,20.413,40899.16,50929.47,58079.9,0.34
2020-03-23,18.7,18.9,18.65,18.62,30647.61,-0.59,-3.07,19.138,19.825,20.557,44434.31,54246.59,61807.21,0.3
2020-03-20,19.2,19.33,19.24,19.01,29619.59,0.04,0.21,19.368,20.041,20.746,51366.14,58186.58,64644.07,0.29
2020-03-19,19.11,19.25,19.2,18.66,61516.41,0.0,0.0,19.556,20.263,20.915,59916.25,59714.33,70934.42,0.61
2020-03-18,19.58,19.78,19.2,19.05,48093.72,-0.2,-1.03,19.848,20.507,21.046,57235.6,59874.07,71795.66,0.47
2020-03-17,20.0,20.07,19.4,19.18,52294.24,-0.4,-2.02,20.214,20.734,21.166,60959.79,60316.61,72138.82,0.52
2020-03-16,20.31,20.61,19.8,19.7,65306.74,-0.38,-1.88,20.512,20.924,21.284,64058.86,61356.19,72836.33,0.64
2020-03-13,19.85,20.36,20.18,19.58,72370.12,-0.48,-2.32,20.714,21.052,21.378,65007.02,60015.78,74068.74,0.71
2020-03-12,20.8,20.88,20.66,20.53,48113.19,-0.37,-1.76,20.97,21.075,21.426,59512.42,61881.34,72084.48,0.48
2020-03-11,20.91,21.5,21.03,20.9,66714.65,0.14,0.67,21.166,21.148,21.445,62512.54,62650.97,71946.3,0.66
2020-03-10,20.4,20.99,20.89,20.21,67789.59,0.08,0.38,21.254,21.2,21.454,59673.43,65230.32,70500.01,0.67
2020-03-09,21.3,21.31,20.81,20.81,70047.56,-0.65,-3.03,21.336,21.288,21.465,58653.52,69367.83,69286.3,0.69
2020-03-06,21.6,21.61,21.46,21.38,44897.09,-0.18,-0.83,21.39,21.45,21.488,55024.54,71101.56,68821.3,0.44
2020-03-05,21.87,21.87,21.64,21.5,63113.81,0.17,0.79,21.18,21.566,21.459,64250.27,82154.5,69555.66,0.62
2020-03-04,21.13,21.54,21.47,20.97,52519.09,0.17,0.8,21.13,21.585,21.418,62789.4,83717.25,69772.48,0.52
2020-03-03,21.28,21.77,21.3,21.1,62690.06,0.22,1.04,21.146,21.598,21.384,70787.22,83961.03,71948.36,0.62
2020-03-02,20.52,21.1,21.08,20.52,51902.65,0.67,3.28,21.24,21.644,21.318,80082.14,84316.46,74674.49,0.51
2020-02-28,21.06,21.06,20.41,20.41,91025.74,-0.98,-4.58,21.51,21.704,21.325,87178.57,88121.7,72783.46,0.9
2020-02-27,21.58,21.82,21.39,21.33,55809.46,-0.16,-0.74,21.952,21.776,21.484,100058.73,82287.61,71034.78,0.55
2020-02-26,21.52,22.15,21.55,21.3,92508.17,-0.22,-1.01,22.04,21.742,21.621,104645.09,81241.63,69960.4,0.91
2020-02-25,21.91,21.98,21.77,21.3,109164.7,-0.66,-2.94,22.05,21.708,21.743,97134.84,75769.7,68395.75,1.08
2020-02-24,22.63,22.7,22.43,22.23,87384.78,-0.19,-0.84,22.048,21.642,21.888,88550.78,69204.77,64746.87,0.86
2020-02-21,21.9,23.15,22.62,21.75,155426.55,0.79,3.62,21.898,21.526,22.0,89064.82,66541.05,62641.98,1.53
2020-02-20,21.62,21.85,21.83,21.34,78741.27,0.23,1.06,21.6,21.352,22.113,64516.48,56956.81,58925.75,0.78
2020-02-19,21.6,21.87,21.6,21.59,54956.9,-0.16,-0.73,21.444,21.25,22.26,57838.17,55827.71,57905.92,0.54
2020-02-18,21.68,21.94,21.76,21.6,66244.42,0.08,0.37,21.366,21.17,22.437,54404.56,59935.69,60673.93,0.65
2020-02-17,21.75,22.15,21.68,21.37,89954.97,0.55,2.6,21.236,20.991,22.578,49858.76,65032.52,59636.81,0.89
2020-02-14,21.21,21.21,21.13,21.01,32684.86,0.08,0.38,21.154,20.946,22.727,44017.27,57445.22,57962.88,0.32
2020-02-13,21.21,21.45,21.05,21.04,45349.68,-0.16,-0.75,21.104,21.192,22.895,49397.13,59781.94,58575.94,0.45
2020-02-12,21.16,21.29,21.21,21.07,37788.87,0.1,0.47,21.056,21.5,23.056,53817.25,58679.17,59838.92,0.37
2020-02-11,21.49,21.49,21.11,21.1,43515.44,-0.16,-0.75,20.974,21.778,23.234,65466.82,61021.81,60141.34,0.43
2020-02-10,20.94,21.35,21.27,20.72,60747.5,0.39,1.87,20.746,22.134,23.41,80206.27,60288.97,60855.25,0.6
2020-02-07,20.76,20.93,20.88,20.56,59584.18,0.07,0.34,20.738,22.474,23.577,70873.17,58742.91,60007.62,0.66
2020-02-06,20.76,20.97,20.81,20.41,67450.28,0.01,0.05,21.28,22.873,23.763,70166.75,60894.69,60617.59,0.74
2020-02-05,20.04,21.37,20.8,20.04,96036.71,0.83,4.16,21.944,23.27,23.95,63541.08,59984.14,61566.66,1.06
2020-02-04,19.11,20.78,19.97,19.11,117212.7,-1.26,-5.93,22.582,23.704,24.114,56576.79,61412.18,59378.58,1.29
2020-02-03,21.23,21.23,21.23,21.23,14082.0,-2.36,-10.0,23.522,24.165,24.303,40371.67,54241.1,55358.4,0.16
2020-01-23,24.02,24.25,23.59,23.53,56052.06,-0.54,-2.24,24.21,24.508,24.441,46612.65,58480.53,56375.07,0.62
2020-01-22,24.0,24.26,24.13,23.71,34321.94,0.14,0.58,24.466,24.597,24.458,51622.64,57369.93,55802.84,0.38
2020-01-21,24.59,24.64,23.99,23.95,61215.26,-0.68,-2.76,24.596,24.611,24.465,56427.19,60998.68,55603.87,0.68
2020-01-20,24.5,24.79,24.67,24.5,36187.11,0.0,0.0,24.826,24.69,24.472,66247.56,59260.87,54650.95,0.4
2020-01-17,24.89,24.89,24.67,24.53,45286.88,-0.2,-0.8,24.808,24.685,24.479,68110.52,61421.54,54576.19,0.5
2020-01-16,25.31,25.44,24.87,24.78,81102.0,0.09,0.36,24.806,24.679,24.481,70348.41,61272.33,54786.68,0.9
2020-01-15,25.2,25.22,24.78,24.75,58344.71,-0.36,-1.43,24.728,24.653,24.485,63117.22,60340.49,53948.02,0.64
2020-01-14,24.59,25.25,25.14,24.54,110317.1,0.56,2.28,24.626,24.63,24.508,65570.16,63149.18,55215.54,1.22
2020-01-13,24.73,24.78,24.58,24.41,45501.92,-0.08,-0.32,24.554,24.524,24.499,52274.18,57344.99,53845.94,0.5
2020-01-10,24.58,24.82,24.66,24.47,56476.32,0.18,0.73,24.562,24.441,24.48,54732.55,56475.71,57269.85,0.62
2020-01-09,24.42,24.65,24.48,24.39,44946.07,0.21,0.86,24.552,24.373,24.454,52196.24,54269.6,56622.03,0.5
2020-01-08,24.82,24.82,24.27,24.19,70609.38,-0.51,-2.06,24.578,24.318,24.436,57563.75,54235.76,57382.12,0.78
2020-01-07,24.7,24.85,24.78,24.62,43837.19,0.16,0.65,24.634,24.318,24.41,60728.2,50209.07,56181.33,0.48
2020-01-06,24.41,24.83,24.62,24.27,57793.78,0.01,0.04,24.494,24.254,24.375,62415.79,50041.04,57149.36,0.64
2020-01-03,24.61,24.71,24.61,24.43,43794.78,0.0,0.0,24.32,24.273,24.359,58218.87,47730.84,55996.85,0.56
2020-01-02,24.49,24.93,24.61,24.41,71783.6,0.06,0.24,24.194,24.283,24.341,56342.97,48301.04,55588.21,0.91
2019-12-31,24.89,25.23,24.55,24.43,86431.63,0.47,1.95,24.058,24.317,24.32,50907.77,47555.56,54514.24,1.1
2019-12-30,23.72,24.16,24.08,23.72,52275.18,0.33,1.39,24.002,24.385,24.284,39689.94,47281.9,51736.82,0.66
2019-12-27,23.97,24.09,23.75,23.75,36809.18,-0.23,-0.96,24.014,24.474,24.282,37666.28,50346.89,52540.88,0.47
2019-12-26,23.93,24.14,23.98,23.77,34415.24,0.05,0.21,24.226,24.519,24.257,37242.81,58063.98,53186.77,0.44
2019-12-25,24.3,24.3,23.93,23.86,44607.62,-0.34,-1.4,24.372,24.534,24.241,40259.12,58974.46,53886.04,0.57
2019-12-24,24.24,24.47,24.27,24.11,30342.5,0.13,0.54,24.576,24.554,24.253,44203.36,60528.47,53215.51,0.39
2019-12-23,24.79,24.8,24.14,24.09,42156.84,-0.67,-2.7,24.768,24.501,24.263,54873.86,62153.59,54081.98,0.53
2019-12-20,24.74,24.96,24.81,24.65,34691.87,0.1,0.41,24.934,24.495,24.294,63027.49,64257.68,53710.58,0.44
2019-12-19,24.91,25.1,24.71,24.62,49496.76,-0.24,-0.96,24.812,24.444,24.277,78885.15,64262.85,53694.68,0.63
2019-12-18,25.45,25.45,24.95,24.88,64328.81,-0.28,-1.11,24.696,24.399,24.263,77689.8,62875.38,52585.81,0.82
2019-12-17,25.05,25.44,25.23,24.88,83695.01,0.26,1.04,24.532,24.322,24.249,76853.59,61472.91,50827.06,1.06
2019-12-16,24.38,25.12,24.97,24.25,82925.02,0.77,3.18,24.234,24.183,24.22,69433.31,56191.73,48065.38,1.05
2019-12-13,24.29,24.75,24.2,24.11,113980.13,0.07,0.29,24.056,24.09,24.194,65487.87,54734.88,45474.98,1.45
2019-12-12,24.12,24.24,24.13,24.01,43520.04,0.0,0.0,24.076,23.995,24.2,49640.56,48309.55,42184.1,0.55
2019-12-11,23.77,24.25,24.13,23.77,60147.75,0.39,1.64,24.102,23.947,24.239,48060.95,48797.63,41252.95,0.76
2019-12-10,23.88,23.88,23.74,23.55,46593.62,-0.34,-1.41,24.112,23.952,24.277,46092.23,45902.55,39836.81,0.59
2019-12-09,24.3,24.36,24.08,23.86,63197.8,-0.22,-0.91,24.132,24.024,24.349,42950.15,46010.37,39518.15,0.8
2019-12-06,24.26,24.5,24.3,24.16,34743.57,0.04,0.17,24.124,24.093,24.395,43981.88,43163.48,39988.75,0.44
2019-12-05,24.3,24.3,24.26,24.07,35622.0,0.08,0.33,23.914,24.11,24.483,46978.55,43126.52,40106.1,0.45
2019-12-04,24.23,24.49,24.18,24.12,50304.17,0.34,1.43,23.792,24.126,24.572,49534.31,42296.24,40054.73,0.64
2019-12-03,23.91,23.96,23.84,23.53,30883.2,-0.2,-0.83,23.792,24.176,24.667,45712.86,40181.21,40754.67,0.39
2019-12-02,23.22,24.45,24.04,23.22,68356.48,0.79,3.4,23.916,24.257,24.799,49070.59,39939.04,45971.88,0.87
2019-11-29,23.65,23.77,23.25,23.0,49726.9,-0.4,-1.69,24.062,24.297,24.971,42345.07,36215.08,47849.25,0.63
2019-11-28,24.2,24.29,23.65,23.61,48400.78,-0.53,-2.19,24.306,24.404,25.209,39274.48,36058.64,50711.29,0.61
2019-11-27,24.6,24.66,24.18,24.13,31196.94,-0.28,-1.15,24.46,24.531,25.388,35058.18,33708.27,51385.49,0.4
2019-11-26,24.88,24.94,24.46,24.46,47671.86,-0.31,-1.25,24.56,24.602,25.557,34649.56,33771.07,55007.69,0.6
2019-11-25,24.45,24.77,24.77,24.04,34728.89,0.3,1.23,24.598,24.674,25.726,30807.49,33025.93,61103.7,0.44
2019-11-22,24.41,24.79,24.47,24.01,34373.94,0.05,0.2,24.532,24.696,25.844,30085.09,36814.02,63008.82,0.44
2019-11-21,24.48,24.73,24.42,24.38,27319.27,-0.26,-1.05,24.502,24.856,25.96,32842.8,37085.68,63369.77,0.35
2019-11-20,24.65,24.95,24.68,24.52,29153.84,0.03,0.12,24.602,25.018,26.068,32358.35,37813.23,63630.89,0.37
2019-11-19,24.44,24.72,24.65,24.36,28461.49,0.21,0.86,24.644,25.157,26.173,32892.58,41328.14,64591.26,0.36
2019-11-18,24.22,24.55,24.44,24.16,31116.9,0.12,0.49,24.75,25.34,26.295,35244.36,52004.73,67162.07,0.39
2019-11-15,25.04,25.05,24.32,24.31,48162.51,-0.6,-2.41,24.86,25.645,26.411,43542.95,59483.43,71473.52,0.61
2019-11-14,24.94,25.05,24.92,24.9,24897.02,0.03,0.12,25.21,26.014,26.51,41328.55,65363.93,71734.87,0.32
2019-11-13,25.24,25.24,24.89,24.88,31825.0,-0.29,-1.15,25.434,26.244,26.577,43268.1,69062.72,72357.67,0.4
2019-11-12,25.1,25.34,25.18,24.8,40220.39,0.19,0.76,25.67,26.511,26.645,49763.69,76244.31,73688.22,0.51
2019-11-11,26.08,26.08,24.99,24.9,72609.85,-1.08,-4.14,25.93,26.777,26.685,68765.09,89181.47,74248.92,0.92
2019-11-08,26.3,26.3,26.07,25.98,37090.48,0.03,0.12,26.43,26.991,26.758,75423.9,89203.61,73662.71,0.47
2019-11-07,26.25,26.3,26.04,25.95,34594.78,-0.03,-0.12,26.818,27.063,26.764,89399.32,89653.86,73832.77,0.44
2019-11-06,26.34,26.68,26.07,25.91,64302.94,-0.41,-1.55,27.054,27.118,26.762,94857.33,89448.55,73805.87,0.82
2019-11-05,27.56,27.77,26.48,26.44,135227.42,-1.01,-3.67,27.352,27.189,26.753,102724.93,87854.38,72595.54,1.72
2019-11-04,28.11,28.21,27.49,27.3,105903.86,-0.52,-1.86,27.624,27.25,26.739,109597.85,82319.41,67588.86,1.34
2019-11-01,27.15,28.04,28.01,27.15,106967.58,0.79,2.9,27.552,27.176,26.675,102983.33,83463.62,63678.36,1.36
2019-10-31,27.6,27.96,27.22,27.22,61884.87,-0.34,-1.23,27.308,27.005,26.59,89908.41,78105.81,60177.29,0.79
2019-10-30,28.24,28.49,27.56,27.39,103640.9,-0.28,-1.01,27.182,26.909,26.53,84039.77,75652.62,60924.04,1.32
2019-10-29,27.3,28.18,27.84,27.1,169592.05,0.71,2.62,27.026,26.778,26.482,72983.82,71132.13,59094.51,2.15
2019-10-28,26.74,27.19,27.13,26.66,72831.24,0.34,1.27,26.876,26.593,26.457,55040.97,59316.37,53930.34,0.92
2019-10-25,26.62,26.9,26.79,26.28,41592.99,0.2,0.75,26.8,26.525,26.482,63943.9,58121.81,54089.09,0.53
2019-10-24,26.7,26.96,26.59,26.53,32541.67,-0.19,-0.71,26.702,26.465,26.557,66303.22,58011.67,58287.73,0.41
2019-10-23,27.05,27.18,26.78,26.7,48361.17,-0.31,-1.14,26.636,26.405,26.618,67265.48,58163.19,60529.81,0.61
2019-10-22,26.52,27.29,27.09,26.03,79877.77,0.34,1.27,26.53,26.317,26.667,69280.44,57336.7,63312.51,1.01
2019-10-21,26.09,28.3,26.75,25.67,117345.92,0.45,1.71,26.31,26.228,26.691,63591.77,52858.32,64768.07,1.49
2019-10-18,26.25,26.64,26.3,26.1,53389.55,0.04,0.15,26.25,26.173,26.737,52299.71,43893.1,63170.88,0.68
2019-10-17,26.13,26.31,26.26,26.02,37352.98,0.01,0.04,26.228,26.174,26.8,49720.12,42248.76,65282.4,0.47
2019-10-16,25.93,26.37,26.25,25.88,58435.97,0.26,1.0,26.174,26.151,26.857,49060.9,46195.46,66787.86,0.74
2019-10-15,26.58,26.75,25.99,25.89,51434.44,-0.46,-1.74,26.104,26.186,26.927,45392.96,47056.89,67977.28,0.65
2019-10-14,26.49,26.87,26.45,26.36,60885.6,0.26,0.99,26.146,26.32,27.016,42124.86,48544.31,70708.74,0.77
2019-10-11,26.17,26.28,26.19,25.91,40491.6,0.2,0.77,26.096,26.439,27.06,35486.5,50056.38,71904.1,0.51
2019-10-10,25.89,26.28,25.99,25.85,34056.87,0.09,0.35,26.12,26.649,27.121,34777.41,58563.8,77430.85,0.43
2019-10-09,26.25,26.26,25.9,25.62,40096.29,-0.3,-1.15,26.128,26.83,27.174,43330.02,62896.44,79658.14,0.51
2019-10-08,26.33,26.69,26.2,26.14,35093.94,0.0,0.0,26.268,27.016,27.232,48720.82,69288.32,82713.05,0.45
2019-09-30,26.37,26.58,26.2,26.2,27693.78,-0.11,-0.42,26.494,27.154,27.291,54963.77,76677.83,85567.28,0.35
2019-09-27,26.06,26.5,26.31,26.06,36946.16,0.28,1.08,26.782,27.301,27.345,64626.27,82448.66,92970.08,0.47
2019-09-26,26.65,27.01,26.03,25.88,76819.91,-0.57,-2.14,27.178,27.425,27.434,82350.18,88316.04,100225.96,0.97
2019-09-25,27.28,27.29,26.6,26.53,67050.33,-0.73,-2.67,27.532,27.563,27.482,82462.86,87380.27,100317.19,0.85
2019-09-24,27.67,27.8,27.33,27.31,66308.66,-0.31,-1.12,27.764,27.667,27.512,89855.82,88897.67,102737.68,0.84
2019-09-23,28.0,28.19,27.64,27.5,76006.28,-0.65,-2.3,27.814,27.712,27.489,98391.88,92873.16,105143.73,0.96
2019-09-20,27.96,28.88,28.29,27.67,125565.73,0.49,1.76,27.82,27.68,27.496,100271.05,93751.82,109555.71,1.59
2019-09-19,27.83,28.02,27.8,27.47,77383.31,0.04,0.14,27.672,27.593,27.493,94281.9,96297.9,113326.6,0.98
2019-09-18,27.57,28.14,27.76,27.54,104015.14,0.18,0.65,27.594,27.518,27.566,92297.68,96419.84,125383.74,1.32
2019-09-17,27.6,27.82,27.58,27.5,108988.95,-0.09,-0.33,27.57,27.448,27.543,87939.51,96137.79,134893.0,1.38
2019-09-16,27.58,27.84,27.67,27.4,85402.11,0.12,0.44,27.61,27.427,27.462,87354.43,94456.73,138363.31,1.08
2019-09-12,27.5,27.84,27.55,27.41,95620.0,0.14,0.51,27.54,27.388,27.337,87232.59,103491.5,140842.92,1.21
2019-09-11,27.8,27.8,27.41,27.33,67462.22,-0.23,-0.83,27.514,27.443,27.237,98313.91,112135.87,145974.52,0.86
2019-09-10,27.94,27.95,27.64,27.45,82224.26,-0.14,-0.5,27.442,27.4,27.177,100542.0,113254.11,147751.6,1.04
2019-09-09,27.55,27.81,27.78,27.37,106063.56,0.46,1.68,27.326,27.356,27.112,104336.06,116577.69,149595.83,1.35
2019-09-06,27.43,27.74,27.32,27.1,84792.91,-0.1,-0.36,27.244,27.265,27.055,101559.02,117414.3,151504.23,1.08
2019-09-05,27.2,27.88,27.42,27.2,151026.58,0.37,1.37,27.236,27.311,27.044,119750.4,125359.6,163353.18,1.92
2019-09-04,26.92,27.25,27.05,26.78,78602.7,-0.01,-0.04,27.372,27.392,27.091,125957.84,130355.3,161571.25,1.0
2019-09-03,27.35,27.38,27.06,26.83,101194.56,-0.31,-1.13,27.358,27.613,27.314,125966.22,154347.64,170262.36,1.28
2019-09-02,27.2,27.68,27.37,26.9,92178.36,0.09,0.33,27.386,27.638,27.711,128819.32,173648.22,179249.64,1.17
2019-08-30,28.79,28.98,27.28,27.23,175749.8,-0.82,-2.92,27.286,27.497,28.192,133269.58,182269.9,181316.12,2.23
2019-08-29,27.42,28.45,28.1,26.55,182063.77,1.12,4.15,27.386,27.285,28.608,130968.8,178194.34,178068.06,2.31
2019-08-28,27.03,27.58,26.98,26.74,78644.62,-0.22,-0.81,27.412,27.031,28.981,134752.75,179813.17,172305.92,1.0
2019-08-27,27.17,27.63,27.2,27.06,115460.05,0.33,1.23,27.868,26.953,29.43,182729.05,182249.09,172285.35,1.47
2019-08-26,26.38,27.22,26.87,26.38,114429.65,-0.91,-3.28,27.89,26.867,29.865,218477.11,182613.97,171103.85,1.45
2019-08-23,28.23,28.55,27.78,27.4,164245.92,-0.45,-1.59,27.708,26.844,30.354,231270.22,185594.16,170041.27,2.08
2019-08-22,29.13,29.13,28.23,28.07,200983.52,-1.03,-3.52,27.184,26.776,30.786,225419.88,201346.77,170430.32,2.55
2019-08-21,27.7,29.45,29.26,27.34,318526.12,1.95,7.14,26.65,26.789,31.159,224873.58,192787.21,168328.78,4.04
2019-08-20,26.3,28.39,27.31,26.18,294200.34,1.35,5.2,26.038,27.014,31.39,181769.12,186177.09,157810.42,3.73
2019-08-19,25.45,26.15,25.96,25.04,178395.19,0.8,3.18,25.844,27.784,31.743,146750.83,184851.06,147877.29,2.26
2019-08-16,25.5,25.84,25.16,25.08,134994.23,-0.4,-1.56,25.98,28.886,32.141,139918.11,180362.34,143873.99,1.71
2019-08-15,25.2,25.86,25.56,24.25,198252.02,-0.64,-2.44,26.368,29.931,32.592,177273.65,177941.78,146094.9,2.52
2019-08-14,26.81,26.83,26.2,26.17,103003.83,-0.14,-0.53,26.928,30.93,32.949,160700.85,164798.67,141331.67,1.31
2019-08-13,26.5,27.03,26.34,26.06,119108.9,-0.3,-1.13,27.99,31.906,33.282,190585.06,162321.62,140476.6,1.51
2019-08-12,26.73,27.37,26.64,26.22,144231.56,-0.46,-1.7,29.724,32.862,33.557,222951.28,159593.73,137161.07,1.83
2019-08-09,26.8,29.0,27.1,26.08,321771.94,-1.26,-4.44,31.792,33.864,33.795,220806.57,154488.38,132318.94,4.08
2019-08-08,28.4,29.75,28.36,28.36,115388.0,-3.15,-10.0,33.494,34.795,34.0,178609.9,139513.88,119425.12,1.46
2019-08-07,34.99,34.99,31.51,31.51,252424.88,-3.5,-10.0,34.932,35.529,34.095,168896.5,143870.35,115592.47,3.2
2019-08-06,37.8,38.3,35.01,33.28,280940.03,-1.97,-5.33,35.822,35.766,34.029,134058.18,129443.75,105237.34,3.57
2019-08-05,35.35,37.09,36.98,35.2,133507.98,1.37,3.85,36.0,35.702,33.819,96236.18,110903.52,93403.79,1.69
2019-08-02,34.05,36.15,35.61,33.93,110788.63,0.06,0.17,35.936,35.395,33.523,88170.2,107385.63,90445.02,1.41
2019-08-01,35.65,36.19,35.55,35.25,66820.98,-0.41,-1.14,36.096,35.253,33.368,100417.86,114248.02,86888.22,0.85
2019-07-31,36.0,36.45,35.96,35.53,78233.3,0.06,0.17,36.126,34.968,33.215,118844.2,117864.67,86581.71,0.99
2019-07-30,36.77,36.87,35.9,35.62,91830.03,-0.76,-2.07,35.71,34.657,33.026,124829.32,118631.58,86390.0,1.17
2019-07-29,36.4,37.1,36.66,36.2,93178.06,0.25,0.69,35.404,34.252,32.873,125570.86,114728.4,87039.15,1.18
2019-07-26,35.65,37.3,36.41,35.21,172026.95,0.71,1.99,34.854,33.726,32.668,126601.07,110149.5,90287.18,2.18
2019-07-25,33.88,36.18,35.7,33.72,158952.66,1.82,5.37,34.41,33.205,32.404,128078.17,99336.35,88435.47,2.02
2019-07-24,34.39,34.85,33.88,33.33,108158.88,-0.49,-1.43,33.81,32.66,32.16,116885.14,87314.59,83563.72,1.37
2019-07-23,34.37,34.99,34.37,33.48,95537.74,0.46,1.36,33.604,32.291,31.991,112433.84,81030.94,82737.84,1.21
2019-07-22,35.0,35.1,33.91,33.31,98329.1,-0.28,-0.82,33.1,31.936,31.85,103885.94,75904.06,85522.37,1.25
2019-07-19,32.7,35.0,34.19,32.7,179412.48,1.49,4.56,32.598,31.65,31.729,93697.94,73504.42,84753.82,2.28
2019-07-18,32.5,33.36,32.7,32.46,102987.49,-0.15,-0.46,32.0,31.483,31.624,70594.53,59528.42,82045.05,1.31
2019-07-17,32.0,32.85,32.85,31.67,85902.4,1.0,3.14,31.51,31.461,31.544,57744.04,55298.75,80346.83,1.09
2019-07-16,31.39,31.85,31.85,31.13,52798.23,0.45,1.43,30.978,31.394,31.442,49628.04,54148.42,81787.34,0.67
2019-07-15,30.9,31.7,31.4,30.53,47389.11,0.2,0.64,30.772,31.494,31.34,47922.18,59349.89,80755.04,0.6
2019-07-12,30.2,31.26,31.2,30.09,63895.43,0.95,3.14,30.702,31.609,31.271,53310.89,70424.85,80441.67,0.81
2019-07-11,30.38,30.83,30.25,30.2,38735.02,0.06,0.2,30.966,31.602,31.196,48462.31,77534.59,79635.7,0.49
2019-07-10,30.94,31.07,30.19,30.08,45322.39,-0.63,-2.04,31.412,31.659,31.209,52853.47,79812.85,81646.06,0.58
2019-07-09,30.57,31.41,30.82,30.53,44268.93,-0.23,-0.74,31.81,31.69,31.238,58668.81,84444.74,83100.0,0.56
2019-07-08,32.26,32.26,31.05,30.87,74332.67,-1.47,-4.52,32.216,31.763,31.234,70777.61,95140.68,85075.36,0.94
2019-07-05,32.39,32.65,32.52,31.97,39652.54,0.04,0.12,32.516,31.808,31.127,87538.82,96003.22,85599.05,0.5
2019-07-04,32.5,32.98,32.48,32.18,60690.81,0.3,0.93,32.238,31.764,30.984,106606.87,104561.67,88345.79,0.77
2019-07-03,32.8,32.8,32.18,31.93,74399.09,-0.67,-2.04,31.906,31.627,30.864,106772.23,105394.92,94638.41,0.94
2019-07-02,32.37,33.38,32.85,31.96,104812.93,0.3,0.92,31.57,31.489,30.906,110220.67,109426.26,94349.71,1.33
2019-07-01,31.89,33.0,32.55,31.38,158138.73,1.42,4.56,31.31,31.185,30.966,119503.74,102160.18,92902.52,2.01
2019-06-28,31.0,32.5,31.13,30.81,134992.77,0.31,1.01,31.1,30.933,31.065,104467.62,90458.49,91026.41,1.71
2019-06-27,30.4,31.36,30.82,30.35,61517.65,0.32,1.05,31.29,30.79,31.209,102516.47,81736.82,89701.54,0.78
2019-06-26,30.6,31.21,30.5,30.29,91641.26,-1.05,-3.33,31.348,30.759,31.404,104017.6,83479.28,91223.58,1.16
2019-06-25,31.5,32.2,31.55,29.9,151228.3,0.05,0.16,31.408,30.785,31.614,108631.85,81755.25,95221.93,1.92
2019-06-24,31.9,32.61,31.5,31.39,82958.14,-0.58,-1.81,31.06,30.705,31.709,84816.63,75010.05,91926.15,1.05
2019-06-21,31.49,32.85,32.08,31.28,125237.01,0.97,3.12,30.766,30.445,31.761,76449.36,75194.88,91350.46,1.59
2019-06-20,30.79,31.75,31.11,30.41,69023.27,0.31,1.01,30.29,30.203,31.782,60957.16,72129.92,89635.4,0.88
2019-06-19,30.9,31.47,30.8,30.47,114712.51,0.99,3.32,30.17,30.1,31.865,62940.96,83881.91,90442.75,1.46
2019-06-18,30.08,30.08,29.81,29.35,32152.2,-0.22,-0.73,30.162,30.323,31.975,54878.66,79273.17,90388.73,0.41
2019-06-17,29.01,30.28,30.03,28.81,41121.82,0.33,1.11,30.35,30.747,32.066,65203.47,83644.85,93588.79,0.52
2019-06-14,30.22,30.8,29.7,29.7,47776.0,-0.81,-2.65,30.124,31.197,32.19,73940.4,91594.33,95825.01,0.61
2019-06-13,30.76,30.96,30.51,29.9,78942.27,-0.25,-0.81,30.116,31.627,32.397,83302.67,97666.26,97918.7,1.0
2019-06-12,30.7,31.44,30.76,30.08,74401.01,0.01,0.03,30.03,32.049,32.577,104822.86,98967.89,99756.84,0.94
2019-06-11,29.0,30.75,30.75,29.0,83776.23,1.85,6.4,30.484,32.443,32.72,103667.67,108688.61,105881.86,1.06
2019-06-10,29.8,29.98,28.9,28.58,84806.51,-0.76,-2.56,31.144,32.712,32.915,102086.23,108842.25,109824.8,1.08
2019-06-06,29.89,30.16,29.66,28.2,94587.35,-0.42,-1.4,32.27,33.076,33.094,109248.25,107506.05,115051.76,1.2
2019-06-05,33.21,33.5,30.08,29.73,186543.2,-2.95,-8.93,33.138,33.36,33.1,112029.85,107140.88,115697.24,2.37
2019-06-04,33.67,34.08,33.03,32.87,68625.08,-1.02,-3.0,34.068,33.629,33.083,93112.91,97003.59,111264.03,0.87
2019-06-03,34.8,35.02,34.05,33.75,75869.0,-0.48,-1.39,34.402,33.626,32.943,113709.54,101504.29,115697.27,0.96
2019-05-31,34.18,34.88,34.53,33.1,120616.61,0.53,1.56,34.28,33.385,32.826,115598.27,103532.73,117520.64,1.53
2019-05-30,33.6,34.35,34.0,33.02,108495.37,-0.73,-2.1,33.882,33.182,32.86,105763.84,100055.68,117153.67,1.38
2019-05-29,34.65,35.35,34.73,34.35,91958.51,0.03,0.09,33.582,33.167,32.854,102251.91,98171.13,119592.0,1.17
2019-05-28,33.8,35.74,34.7,33.43,171608.19,1.26,3.77,33.19,33.104,32.775,100894.27,100545.79,121018.93,2.18
2019-05-27,32.65,33.98,33.44,32.1,85312.66,0.9,2.77,32.85,32.997,32.749,89299.04,103075.11,118542.17,1.08
2019-05-24,32.44,32.96,32.54,31.0,71444.48,0.04,0.12,32.49,33.117,32.838,91467.19,110807.36,122598.03,0.91
2019-05-23,32.9,33.19,32.5,31.7,90935.73,-0.27,-0.82,32.482,33.111,33.086,94347.53,122597.47,129223.0,1.15
2019-05-22,33.27,33.65,32.77,32.48,85170.3,-0.23,-0.7,32.752,32.84,33.249,94090.34,124253.59,131004.72,1.08
2019-05-21,31.79,33.44,33.0,31.79,113632.01,1.36,4.3,33.018,32.537,33.384,100197.3,125524.47,131721.61,1.44
2019-05-20,32.62,32.95,31.64,30.51,96153.44,-0.86,-2.65,33.144,32.26,33.534,116851.19,129890.26,130133.94,1.22
2019-05-17,33.88,34.06,32.5,32.33,85846.15,-1.35,-3.99,33.744,32.266,33.743,130147.52,131508.56,131266.17,1.09
2019-05-16,34.16,34.5,33.85,33.34,89649.81,-0.13,-0.38,33.74,32.538,33.808,150847.4,134251.66,133656.7,1.14
2019-05-15,34.28,34.8,34.1,33.8,115705.11,0.47,1.4,32.928,32.541,33.806,154416.84,141012.87,136101.53,1.47
2019-05-14,34.0,35.1,33.63,33.27,196901.42,-1.01,-2.92,32.056,32.446,33.789,150851.64,141492.06,137301.32,2.5
2019-05-13,32.0,34.97,34.64,31.9,162635.12,2.16,6.65,31.376,32.5,33.799,142929.32,134009.24,133576.31,2.06
2019-05-10,30.66,32.55,32.48,29.81,189345.56,2.69,9.03,30.788,32.559,33.743,132869.59,134388.71,131639.06,2.4
2019-05-09,29.01,30.64,29.79,29.0,107497.01,0.05,0.17,31.336,33.06,33.833,117655.91,135848.53,127517.17,1.36
2019-05-08,28.58,30.57,29.74,28.48,97879.09,-0.49,-1.62,32.154,33.657,34.144,127608.89,137755.85,129057.18,1.24
2019-05-07,31.0,31.7,30.23,28.73,157289.84,-1.47,-4.64,32.836,34.23,34.511,132132.49,137918.75,131655.35,2.0
2019-05-06,32.03,33.18,31.7,31.7,112336.46,-3.52,-9.99,33.624,34.807,34.9,125089.15,130377.63,129324.94,1.43
2019-04-30,33.8,35.55,35.22,33.5,113277.15,1.34,3.96,34.33,35.22,35.22,135907.82,131023.79,131023.79,1.44
2019-04-29,33.7,35.22,33.88,33.61,157261.89,0.73,2.2,34.784,35.22,35.22,154041.15,132995.64,132995.64,2.0
2019-04-26,34.08,34.75,33.15,32.5,120497.1,-1.02,-2.98,35.16,35.388,35.388,147902.82,129962.36,129962.36,1.53
2019-04-25,35.23,36.3,34.17,33.99,122073.14,-1.06,-3.01,35.624,35.707,35.707,143705.02,131314.54,131314.54,1.55
2019-04-24,37.5,37.51,35.23,35.02,166429.84,-2.26,-6.03,35.99,35.963,35.963,135666.12,132854.77,132854.77,2.11
2019-04-23,36.14,38.81,37.49,35.61,203943.8,1.73,4.84,36.11,36.11,36.11,126139.76,126139.76,126139.76,2.59
2019-04-22,35.3,36.66,35.76,35.3,126570.22,0.29,0.82,35.765,35.765,35.765,106688.75,106688.75,106688.75,1.61
2019-04-19,35.88,36.29,35.47,34.49,99508.1,-0.53,-1.47,35.767,35.767,35.767,100061.59,100061.59,100061.59,1.26
2019-04-18,35.52,36.3,36.0,35.22,81878.63,0.17,0.47,35.915,35.915,35.915,100338.34,100338.34,100338.34,1.04
2019-04-17,35.96,36.67,35.83,35.2,118798.04,-0.37,-1.02,35.83,35.83,35.83,118798.04,118798.04,118798.04,1.51
